File name,Search Radius,Resolution,Distance 1,Distance 2,Highest Vote,Layer 01 mean,Layer 02 mean,Layer 03 mean,Layer 04 mean,Layer 05 mean,Layer 06 mean,Layer 07 mean,Layer 08 mean,Layer 09 mean,Layer 10 mean,Layer 11 mean,Layer 12 mean,Layer 13 mean,Layer 14 mean,Layer 15 mean,Layer 16 mean,Layer 17 mean,Layer 18 mean,Layer 19 mean,Layer 20 mean,Confidence
rack_1.json,0.08,0.001,0.168338498,0.167952701,157,36.5,0,0,0,0,0,0,0,0,0,0,0,0,0,0,0,0,0,0,0,0.811369509
rack_1.json,0.08,0.003,0.16278836,0.16321675,267,124.375,108.7083333,102.0416667,95.65,88.25833333,82.0952381,76.625,71.72569444,67.19722222,63.26136364,59.33522727,55.77564103,0,0,0,0,0,0,0,0,0.211560771
rack_1.json,0.08,0.005,0.035262586,0.035670205,315,189.25,187.0416667,170.875,152.4375,134.8666667,120.125,107.5089286,97.23263889,88.70277778,81.58863636,75.48674242,70.34935897,66.08791209,0,0,0,0,0,0,0,0.16966929
rack_1.json,0.09,0.001,0.083311764,0.085070832,148,0,0,0,0,0,0,0,0,0,0,0,0,0,0,0,0,0,0,0,0,1
rack_1.json,0.09,0.003,0.174754828,0.174500543,242,102.25,91.16666667,86.0625,79.3,73.975,69.4702381,65.57142857,61.40277778,57.65277778,54.17045455,50.84848485,0,0,0,0,0,0,0,0,0,0.234071908
rack_1.json,0.09,0.005,0.173425632,0.174046024,290,159.625,149.4166667,134.8541667,121.85,109.6666667,97.81547619,88.04464286,79.95486111,72.97777778,66.96136364,61.48863636,0,0,0,0,0,0,0,0,0,0.202421342
rack_1.json,0.1,0.001,0.093390042,0.0167537,154,0,0,0,0,0,0,0,0,0,0,0,0,0,0,0,0,0,0,0,0,1
rack_1.json,0.1,0.003,0.009972462,0.010222985,216,118.125,115.2083333,114.2291667,110.2875,101.45,94,88.45089286,82.00694444,75.78333333,70.43863636,65.45833333,61.1474359,57.45467033,53.9797619,51.003125,48.37132353,46.04575163,43.85233918,0,0,0.133887682
rack_1.json,0.1,0.005,0.014847559,0.014866045,321,204,195.4166667,180.3541667,160.3375,141.5583333,126.2142857,113.8035714,102.4652778,93.46666667,85.47727273,78.77083333,72.76442308,67.78434066,0,0,0,0,0,0,0,0.165173303
rack_1.json,0.11,0.001,0.203347609,0.203492247,143,0,0,0,0,0,0,0,0,0,0,0,0,0,0,0,0,0,0,0,0,1
rack_1.json,0.11,0.003,0.193509302,0.193558001,252,108.25,90.29166667,88.22916667,84.3625,79.825,75.2797619,70.28125,65.92013889,61.09722222,57.325,53.82765152,50.83974359,0,0,0,0,0,0,0,0,0.221532794
rack_1.json,0.11,0.005,0.193763903,0.19344004,266,185.5,170,145.7291667,128.675,113.2333333,100.3095238,89.97321429,81.40277778,74.31666667,68.37045455,63.22159091,58.92467949,55.2239011,0,0,0,0,0,0,0,0.166158581
rack_1.json,0.12,0.001,0.017030854,0.017040486,172,0,0,0,0,0,0,0,0,0,0,0,0,0,0,0,0,0,0,0,0,1
rack_1.json,0.12,0.003,0.094823257,0.200847129,223,95.75,94.25,89.45833333,88.125,82.76666667,76.42261905,71.32142857,67.17361111,62.70833333,58.97272727,55.47159091,52.15544872,49.09203297,46.38095238,0,0,0,0,0,0,0.183834327
rack_1.json,0.12,0.005,0.007513322,0.007043584,302,200.125,201.75,184.5625,163.5125,144.5083333,127.3452381,113.75,102.0763889,92.43888889,84.56590909,77.67613636,72.07211538,67.12225275,62.875,0,0,0,0,0,0,0.151273786
rack_2.json,0.08,0.001,0.16321106,0.162826508,157,36.5,0,0,0,0,0,0,0,0,0,0,0,0,0,0,0,0,0,0,0,0.811369509
rack_2.json,0.08,0.003,0.157577441,0.158004896,267,124.375,108.7083333,102.0416667,95.65,88.25833333,82.0952381,76.625,71.72569444,67.19722222,63.26136364,59.33522727,55.77564103,0,0,0,0,0,0,0,0,0.211560771
rack_2.json,0.08,0.005,0.029887288,0.030295285,315,189.25,187.0416667,170.875,152.4375,134.8666667,120.1190476,107.4866071,97.21180556,88.67222222,81.58181818,75.48295455,70.33814103,66.09065934,0,0,0,0,0,0,0,0.169678314
rack_2.json,0.09,0.001,0.078261421,0.08001212,148,0,0,0,0,0,0,0,0,0,0,0,0,0,0,0,0,0,0,0,0,1
rack_2.json,0.09,0.003,0.16955073,0.16929451,242,102.25,91.16666667,86.0625,79.3,73.975,69.4702381,65.57142857,61.40277778,57.65277778,54.17045455,50.84848485,0,0,0,0,0,0,0,0,0,0.234071908
rack_2.json,0.09,0.005,0.168271358,0.168893019,290,159.625,149.4166667,134.8541667,121.85,109.6666667,97.81547619,88.04464286,79.95486111,72.97777778,66.96136364,61.48863636,0,0,0,0,0,0,0,0,0,0.202421342
rack_2.json,0.1,0.001,0.088232647,0.014940656,154,0,0,0,0,0,0,0,0,0,0,0,0,0,0,0,0,0,0,0,0,1
rack_2.json,0.1,0.003,0.004609772,0.004847479,216,118.125,115.2083333,114.2291667,110.2875,101.45,94,88.45089286,82.00694444,75.78333333,70.43863636,65.45833333,61.1474359,57.45467033,53.9797619,51.003125,48.37132353,46.04575163,43.85233918,0,0,0.133887682
rack_2.json,0.1,0.005,0.009552487,0.009581195,321,204,195.4166667,180.3541667,160.3375,141.5583333,126.2142857,113.8035714,102.4652778,93.46666667,85.47727273,78.77083333,72.75961538,67.77884615,0,0,0,0,0,0,0,0.165174179
rack_2.json,0.11,0.001,0.198293848,0.19843949,143,0,0,0,0,0,0,0,0,0,0,0,0,0,0,0,0,0,0,0,0,1
rack_2.json,0.11,0.003,0.188254748,0.188303013,252,108.25,90.29166667,88.22916667,84.3625,79.825,75.2797619,70.28125,65.92013889,61.09722222,57.325,53.82765152,50.83974359,0,0,0,0,0,0,0,0,0.221532794
rack_2.json,0.11,0.005,0.188804793,0.188480914,266,185.5,170,145.7291667,128.675,113.2333333,100.3095238,89.97321429,81.40277778,74.31666667,68.37045455,63.22159091,58.92467949,55.2239011,0,0,0,0,0,0,0,0.166158581
rack_2.json,0.12,0.001,0.020967833,0.02096659,172,0,0,0,0,0,0,0,0,0,0,0,0,0,0,0,0,0,0,0,0,1
rack_2.json,0.12,0.003,0.089700892,0.195775671,223,95.75,94.25,89.45833333,88.125,82.76666667,76.42261905,71.32142857,67.17361111,62.70833333,58.97272727,55.47159091,52.15544872,49.09203297,46.38095238,0,0,0,0,0,0,0.183834327
rack_2.json,0.12,0.005,0.01285496,0.012367812,302,200.125,201.75,184.5625,163.5125,144.5083333,127.3452381,113.75,102.0763889,92.43888889,84.56590909,77.67613636,72.07211538,67.12225275,62.875,0,0,0,0,0,0,0.151273786
rack_3.json,0.08,0.001,0.162659522,0.16227302,157,36.5,0,0,0,0,0,0,0,0,0,0,0,0,0,0,0,0,0,0,0,0.811369509
rack_3.json,0.08,0.003,0.157172262,0.157601523,267,124.375,108.7083333,102.0416667,95.65,88.25833333,82.0952381,76.625,71.72569444,67.19722222,63.26136364,59.33522727,55.77564103,0,0,0,0,0,0,0,0,0.211560771
rack_3.json,0.08,0.005,0.030257561,0.030675615,315,189.25,187.0416667,170.875,152.4375,134.8666667,120.1190476,107.4955357,97.21875,88.67222222,81.58636364,75.48863636,70.3525641,66.08928571,0,0,0,0,0,0,0,0.169674736
rack_3.json,0.09,0.001,0.079407934,0.081146546,148,0,0,0,0,0,0,0,0,0,0,0,0,0,0,0,0,0,0,0,0,1
rack_3.json,0.09,0.003,0.169131665,0.168879168,242,102.25,91.16666667,86.0625,79.3,73.975,69.4702381,65.57142857,61.40277778,57.65277778,54.17045455,50.84848485,0,0,0,0,0,0,0,0,0,0.234071908
rack_3.json,0.09,0.005,0.167763286,0.168382793,290,159.625,149.4166667,134.8541667,121.85,109.6666667,97.81547619,88.04464286,79.95486111,72.97777778,66.96136364,61.48863636,0,0,0,0,0,0,0,0,0,0.202421342
rack_3.json,0.1,0.001,0.087736936,0.017502256,154,0,0,0,0,0,0,0,0,0,0,0,0,0,0,0,0,0,0,0,0,1
rack_3.json,0.1,0.003,0.005685068,0.005716162,216,118.125,115.2083333,114.2291667,110.2875,101.45,94,88.45089286,82.00694444,75.78333333,70.43863636,65.45833333,61.1474359,57.45467033,53.9797619,51.003125,48.37132353,46.04575163,43.85233918,0,0,0.133887682
rack_3.json,0.1,0.005,0.010607544,0.010664562,321,204,195.4166667,180.3541667,160.3375,141.5583333,126.2142857,113.8035714,102.4652778,93.46666667,85.47727273,78.77083333,72.76121795,67.78296703,0,0,0,0,0,0,0,0.165173692
rack_3.json,0.11,0.001,0.197632791,0.19777705,143,0,0,0,0,0,0,0,0,0,0,0,0,0,0,0,0,0,0,0,0,1
rack_3.json,0.11,0.003,0.187939671,0.187988924,252,108.25,90.29166667,88.22916667,84.3625,79.825,75.2797619,70.28125,65.92013889,61.09722222,57.325,53.82765152,50.83974359,0,0,0,0,0,0,0,0,0.221532794
rack_3.json,0.11,0.005,0.188022658,0.187698804,266,185.5,170,145.7291667,128.675,113.2333333,100.3095238,89.97321429,81.40277778,74.31666667,68.37045455,63.22159091,58.92467949,55.2239011,0,0,0,0,0,0,0,0.166158581
rack_3.json,0.12,0.001,0.022461523,0.022465693,172,0,0,0,0,0,0,0,0,0,0,0,0,0,0,0,0,0,0,0,0,1
rack_3.json,0.12,0.003,0.089147182,0.195139371,223,95.75,94.25,89.45833333,88.125,82.76666667,76.42261905,71.32142857,67.17361111,62.70833333,58.97272727,55.47159091,52.15544872,49.09203297,46.38095238,0,0,0,0,0,0,0.183834327
rack_3.json,0.12,0.005,0.012669649,0.012145812,302,200.125,201.75,184.5625,163.5125,144.5083333,127.3452381,113.75,102.0763889,92.43888889,84.56590909,77.67613636,72.07211538,67.12225275,62.875,0,0,0,0,0,0,0.151273786
rack_4.json,0.08,0.001,0.170416901,0.170032031,157,36.5,0,0,0,0,0,0,0,0,0,0,0,0,0,0,0,0,0,0,0,0.811369509
rack_4.json,0.08,0.003,0.164794781,0.165222234,267,124.375,108.7083333,102.0416667,95.5875,88.16666667,82.00595238,76.54464286,71.65277778,67.1,63.10909091,59.10795455,55.44871795,0,0,0,0,0,0,0,0,0.211762192
rack_4.json,0.08,0.005,0.03689607,0.037296391,315,189.25,187.0416667,170.875,152.4375,134.8666667,120.0357143,107.1919643,96.67013889,87.83333333,80.59772727,74.42424242,69.26923077,65.00549451,0,0,0,0,0,0,0,0.170224385
rack_4.json,0.09,0.001,0.08426399,0.086031726,148,0,0,0,0,0,0,0,0,0,0,0,0,0,0,0,0,0,0,0,0,1
rack_4.json,0.09,0.003,0.176767984,0.176511807,242,102.25,90.95833333,85.89583333,79.175,73.875,69.38690476,65.47767857,61.30208333,57.50555556,53.95681818,50.55681818,0,0,0,0,0,0,0,0,0,0.234418887
rack_4.json,0.09,0.005,0.175483105,0.17610582,289,159.375,149.25,134.625,121.575,109.2333333,97.14880952,87.14732143,78.84722222,71.79444444,65.77727273,60.31818182,0,0,0,0,0,0,0,0,0,0.202936386
rack_4.json,0.1,0.001,0.095444067,0.016107225,154,0,0,0,0,0,0,0,0,0,0,0,0,0,0,0,0,0,0,0,0,1
rack_4.json,0.1,0.003,0.011649893,0.011959799,216,118.125,115.2083333,114.2291667,110.2875,101.45,93.85714286,88.16964286,81.66666667,75.3,69.82954545,64.77651515,60.39102564,56.67994505,53.18452381,50.19375,47.56433824,45.2369281,0,0,0,0.138270971
rack_4.json,0.1,0.005,0.016319314,0.016321836,321,204,195.4166667,180.3125,160.0875,140.9416667,125.2202381,112.53125,101.09375,92.06388889,84.07954545,77.41098485,71.43429487,66.51236264,0,0,0,0,0,0,0,0.166140069
rack_4.json,0.11,0.001,0.205476325,0.205621581,143,0,0,0,0,0,0,0,0,0,0,0,0,0,0,0,0,0,0,0,0,1
rack_4.json,0.11,0.003,0.19546744,0.195516017,251,108,90.08333333,88.08333333,84.2375,79.725,75.16666667,70.14732143,65.74652778,60.85833333,57.01136364,53.42613636,50.36698718,0,0,0,0,0,0,0,0,0.221369181
rack_4.json,0.11,0.005,0.195944686,0.195623329,266,183.625,168.2916667,143.7083333,126.2875,110.7333333,97.89285714,87.70089286,79.28472222,72.34444444,66.53636364,61.53219697,57.33814103,53.75,0,0,0,0,0,0,0,0.16888616
rack_4.json,0.12,0.001,0.014612324,0.014622063,172,0,0,0,0,0,0,0,0,0,0,0,0,0,0,0,0,0,0,0,0,1
rack_4.json,0.12,0.003,0.096904179,0.011080306,221,109.25,98.25,100.0208333,100.3625,95.21666667,90.27380952,84.3125,78.00347222,72.71666667,68.00681818,63.95454545,60.10416667,56.67445055,53.55357143,50.68229167,48.11029412,45.69117647,0,0,0,0.147709129
rack_4.json,0.12,0.005,0.006505382,0.006145371,302,199.875,200.9583333,183.1041667,161.5375,142.3166667,125,111.46875,99.88888889,90.36111111,82.62727273,75.85227273,70.38782051,65.55082418,61.4202381,0,0,0,0,0,0,0.15311693
rack_5.json,0.08,0.001,0.164498784,0.164111354,157,36.5,0,0,0,0,0,0,0,0,0,0,0,0,0,0,0,0,0,0,0,0.811369509
rack_5.json,0.08,0.003,0.15908064,0.159510668,267,124.375,108.7083333,102.0416667,95.65,88.25833333,82.0952381,76.625,71.72569444,67.19722222,63.26136364,59.33522727,55.77564103,0,0,0,0,0,0,0,0,0.211560771
rack_5.json,0.08,0.005,0.03243532,0.032854728,315,189.25,187.0416667,170.875,152.4375,134.8666667,120.1190476,107.4955357,97.21875,88.67222222,81.58636364,75.48863636,70.3525641,66.08928571,0,0,0,0,0,0,0,0.169674736
rack_5.json,0.09,0.001,0.081620157,0.083359767,148,0,0,0,0,0,0,0,0,0,0,0,0,0,0,0,0,0,0,0,0,1
rack_5.json,0.09,0.003,0.171032892,0.170782088,242,102.25,91.16666667,86.0625,79.3,73.975,69.4702381,65.57142857,61.40277778,57.65277778,54.17045455,50.84848485,0,0,0,0,0,0,0,0,0,0.234071908
rack_5.json,0.09,0.005,0.169623259,0.170241685,290,159.625,149.4166667,134.8541667,121.85,109.6666667,97.81547619,88.04464286,79.95486111,72.97777778,66.96136364,61.48863636,0,0,0,0,0,0,0,0,0,0.202421342
rack_5.json,0.1,0.001,0.089614731,0.018611383,154,0,0,0,0,0,0,0,0,0,0,0,0,0,0,0,0,0,0,0,0,1
rack_5.json,0.1,0.003,0.007851751,0.007911485,216,118.125,115.2083333,114.2291667,110.2875,101.45,94,88.45089286,82.00694444,75.78333333,70.43863636,65.45833333,61.1474359,57.45467033,53.9797619,51.003125,48.37132353,46.04575163,43.85233918,0,0,0.133887682
rack_5.json,0.1,0.005,0.0128082,0.012862151,321,204,195.4166667,180.3541667,160.3375,141.5583333,126.2142857,113.8035714,102.4652778,93.46666667,85.47727273,78.77083333,72.76121795,67.78296703,0,0,0,0,0,0,0,0.165173692
rack_5.json,0.11,0.001,0.199413264,0.199556778,143,0,0,0,0,0,0,0,0,0,0,0,0,0,0,0,0,0,0,0,0,1
rack_5.json,0.11,0.003,0.189884834,0.189934496,252,108.25,90.29166667,88.22916667,84.3625,79.825,75.2797619,70.28125,65.92013889,61.09722222,57.325,53.82765152,50.83974359,0,0,0,0,0,0,0,0,0.221532794
rack_5.json,0.11,0.005,0.189736791,0.189412976,266,185.5,170,145.7291667,128.675,113.2333333,100.3095238,89.97321429,81.40277778,74.31666667,68.37045455,63.22159091,58.92467949,55.2239011,0,0,0,0,0,0,0,0.166158581
rack_5.json,0.12,0.001,0.021458099,0.021467307,172,0,0,0,0,0,0,0,0,0,0,0,0,0,0,0,0,0,0,0,0,1
rack_5.json,0.12,0.003,0.090996978,0.196933081,223,95.75,94.25,89.45833333,88.125,82.76666667,76.42261905,71.32142857,67.17361111,62.70833333,58.97272727,55.47159091,52.15544872,49.09203297,46.38095238,0,0,0,0,0,0,0.183834327
rack_5.json,0.12,0.005,0.010679419,0.010146705,302,200.125,201.75,184.5625,163.5125,144.5083333,127.3452381,113.75,102.0763889,92.43888889,84.56590909,77.67613636,72.07211538,67.12225275,62.875,0,0,0,0,0,0,0.151273786
rack_6.json,0.08,0.001,0.050269872,0.050199343,106,32.25,23.5,25.0625,0,0,0,0,0,0,0,0,0,0,0,0,0,0,0,0,0,0.567413851
rack_6.json,0.08,0.003,0.043870947,0.043991956,212,118.25,95.33333333,94.33333333,89.2,82.325,75.5952381,69.07142857,63.77777778,59.38333333,55.63863636,52.33712121,49.48557692,46.95467033,44.81428571,42.803125,0,0,0,0,0,0.169423412
rack_6.json,0.08,0.005,0.049564705,0.049674994,257,170.375,154.4166667,129.8333333,114.0875,101.2083333,90.54761905,82.45535714,75.82638889,70.85277778,66.34318182,62.625,59.13942308,56.03571429,53.44166667,0,0,0,0,0,0,0.166430516
rack_6.json,0.09,0.001,0.024913049,0.025014234,100,24,21.5,0,0,0,0,0,0,0,0,0,0,0,0,0,0,0,0,0,0,0.687285223
rack_6.json,0.09,0.003,0.033761813,0.034239018,217,105,94.58333333,90.77083333,83.9375,78.85,71.94047619,66.22767857,61.63194444,57.43611111,53.86363636,50.75757576,47.89583333,45.3228022,0,0,0,0,0,0,0,0.192851566
rack_6.json,0.09,0.005,0.038479345,0.038364639,242,163.875,147.5833333,129.125,114.075,100.9166667,90.88095238,82.60714286,75.55555556,69.43333333,64.25227273,59.76893939,55.82371795,52.62362637,49.77380952,0,0,0,0,0,0,0.161516994
rack_6.json,0.1,0.001,0.014787157,0.014690471,102,24.25,23.75,21.27083333,0,0,0,0,0,0,0,0,0,0,0,0,0,0,0,0,0,0.595547987
rack_6.json,0.1,0.003,0.032085199,0.032077291,214,103,84.08333333,84.5,78.9125,73.39166667,68.21428571,64.10714286,59.88194444,56.85,53.78409091,50.9280303,48.52884615,46.03159341,43.79047619,0,0,0,0,0,0,0.189379876
rack_6.json,0.1,0.005,0.024671036,0.024968555,261,175.375,166,150.6458333,133.5875,118.1916667,105.827381,95.31696429,86.26388889,78.70277778,72.48181818,67.0094697,62.26762821,58.25961538,54.71666667,0,0,0,0,0,0,0.154836761
rack_6.json,0.11,0.001,0.212720145,0.212937977,101,0,0,0,0,0,0,0,0,0,0,0,0,0,0,0,0,0,0,0,0,1
rack_6.json,0.11,0.003,0.025664372,0.025457808,267,114.625,93.33333333,89.35416667,84.375,78.31666667,72.51190476,67.66964286,63.58680556,59.89166667,56.76363636,53.70833333,0,0,0,0,0,0,0,0,0,0.242476826
rack_6.json,0.11,0.005,0.021602315,0.021683962,250,173,157.3333333,139.7291667,123.1,110.0666667,100.1488095,90.15625,81.19791667,73.89166667,67.82954545,62.77651515,58.54647436,54.74450549,51.36547619,0,0,0,0,0,0,0.156849329
rack_6.json,0.12,0.001,0.03623065,0.036316769,92,0,22.83333333,0,0,0,0,0,0,0,0,0,0,0,0,0,0,0,0,0,0,0.801161103
rack_6.json,0.12,0.003,0.025453094,0.025407844,223,112,89.125,86.14583333,80.7875,76.25,70.86309524,65.98214286,62.05902778,58.63611111,55.50227273,52.73674242,50.18108974,47.87225275,45.43809524,0,0,0,0,0,0,0.189532508
rack_6.json,0.12,0.005,0.018293715,0.018238499,278,173.75,161.9583333,144.9375,127.7375,114.95,104.125,94.63839286,86.02777778,78.37222222,72.08409091,66.40909091,61.80448718,57.76648352,0,0,0,0,0,0,0,0.171334095
rack_7.json,0.08,0.001,0.235858687,0.419844631,46,12.875,9.333333333,0,0,0,0,0,0,0,0,0,0,0,0,0,0,0,0,0,0,0.674404398
rack_7.json,0.08,0.003,0.177313761,0.055038809,83,39.875,35.66666667,40.25,39.5375,37.275,35.82142857,33.6875,31.72222222,29.79166667,27.92272727,26.14393939,24.57371795,23.16758242,21.8297619,20.68125,19.60477941,18.64869281,17.84429825,17.13947368,0,0.132973779
rack_7.json,0.08,0.005,0.107169819,0.173094919,108,56,60.5,58.85416667,53.3125,49.48333333,45.22619048,41.51339286,37.85069444,34.83055556,32.03181818,29.72916667,27.8349359,26.0728022,24.58928571,23.19479167,22.12040441,0,0,0,0,0.147713712
rack_7.json,0.09,0.001,0.030993064,0.031077421,49,11.375,0,0,0,0,0,0,0,0,0,0,0,0,0,0,0,0,0,0,0,0.811594203
rack_7.json,0.09,0.003,0.297152688,0.195992641,79,29.5,28.875,30.45833333,28.825,27.64166667,26.16666667,24.61160714,23.21875,21.78611111,20.53181818,19.41477273,18.33333333,17.39835165,16.56309524,0,0,0,0,0,0,0.191596664
rack_7.json,0.09,0.005,0.050173399,0.050154254,99,68.75,63.20833333,60.625,55.1625,49.275,44.48214286,40,36.21527778,33.21944444,30.45,28.34090909,26.51121795,25.01373626,23.76904762,22.59375,21.58547794,20.75735294,19.9247076,0,0,0.128758061
rack_7.json,0.1,0.001,0.020044201,0.020125488,52,0,0,0,0,0,0,0,0,0,0,0,0,0,0,0,0,0,0,0,0,1
rack_7.json,0.1,0.003,0.022031114,0.021772122,88,43,38.25,35.8125,34.425,32.48333333,31.17857143,30.04464286,28.52083333,26.90277778,25.41818182,24.07765152,22.6875,21.49587912,20.38690476,19.41875,18.55606618,17.69199346,0,0,0,0.15760707
rack_7.json,0.1,0.005,0.024400205,0.022546203,102,68.625,61.29166667,56.9375,51.925,48.31666667,44.30952381,40.48214286,37.22222222,34.40833333,32.02727273,29.97159091,28.13301282,26.46153846,24.98928571,23.65208333,22.47242647,21.38643791,20.53070175,0,0,0.131588724
rack_7.json,0.11,0.001,0.0099985,0.009924355,51,0,0,0,0,0,0,0,0,0,0,0,0,0,0,0,0,0,0,0,0,1
rack_7.json,0.11,0.003,0.010186756,0.01033197,96,43.125,38.41666667,39.35416667,37.025,35.59166667,34.5297619,32.35267857,30.53125,28.63055556,26.99772727,25.38068182,23.84134615,22.48763736,21.23214286,20.13020833,0,0,0,0,0,0.172777939
rack_7.json,0.11,0.005,0.023629854,0.023689898,102,73,69.16666667,64.77083333,58.3125,51.475,46.19642857,41.41964286,37.70138889,34.36666667,31.63636364,29.27462121,27.26442308,25.53434066,24.03333333,22.69375,21.52573529,20.49183007,0,0,0,0.130624619
rack_7.json,0.12,0.001,0.018856564,0.018718181,56,0,0,0,0,0,0,0,0,0,0,0,0,0,0,0,0,0,0,0,0,1
rack_7.json,0.12,0.003,0.01036195,0.010463857,92,48,47,44.79166667,42.5625,40.15,38.07142857,36.07589286,33.71527778,31.35,29.13863636,27.28219697,25.61698718,23.98076923,22.54761905,21.296875,20.17830882,19.14379085,0,0,0,0.143101137
rack_7.json,0.12,0.005,0.018904232,0.01885307,116,81.625,83.95833333,74.08333333,65.9875,58.73333333,52,46.32589286,41.64236111,37.89444444,34.65227273,31.96401515,29.66185897,27.70604396,25.99404762,24.50833333,23.21415441,0,0,0,0,0.135521788
rack_8.json,0.08,0.001,0.432548553,0.452377753,84,20.25,0,0,0,0,0,0,0,0,0,0,0,0,0,0,0,0,0,0,0,0.805755396
rack_8.json,0.08,0.003,0.371101994,0.374074896,134,66.5,56.95833333,60.20833333,58.3125,54.03333333,50.63690476,48.31696429,45.43402778,42.75277778,40.40681818,38.49810606,36.71634615,35.01785714,33.59166667,32.56875,31.34650735,30.36928105,29.55116959,28.92302632,28.45119048,0.136373736
rack_8.json,0.08,0.005,0.346473578,0.346407784,182,109.375,103.625,95.75,87.1375,79.49166667,73.61309524,68.48660714,63.88888889,59.61944444,56.02272727,52.39772727,49.76602564,47.28571429,45.20714286,43.403125,41.85753676,40.27369281,39.0745614,37.89473684,37.04761905,0.128784111
rack_8.json,0.09,0.001,0.397233625,0.459374569,86,23.5,0,0,0,0,0,0,0,0,0,0,0,0,0,0,0,0,0,0,0,0.785388128
rack_8.json,0.09,0.003,0.363424187,0.362970456,139,62.75,50.04166667,56.02083333,53.4,49.225,47.07142857,43.63392857,40.60069444,38.13055556,35.82954545,34.28598485,32.65064103,31.05494505,29.81666667,28.709375,0,0,0,0,0,0.180000223
rack_8.json,0.09,0.005,0.355130877,0.355093259,154,94.5,92.16666667,85.75,74.0875,66.20833333,61.13690476,56.28571429,52.69444444,49.35833333,46.98409091,44.67045455,42.76121795,41.30357143,39.7952381,38.36458333,37.24264706,36.20424837,35.26535088,34.19802632,33.32202381,0.126613568
rack_8.json,0.1,0.001,0.371578646,0.364522646,84,20.125,0,0,0,0,0,0,0,0,0,0,0,0,0,0,0,0,0,0,0,0.806722689
rack_8.json,0.1,0.003,0.361193494,0.361225345,153,62.75,50.54166667,56.04166667,53.975,49.73333333,46.45238095,43.49553571,40.44444444,38.02777778,35.81363636,34.27651515,32.73557692,31.21291209,0,0,0,0,0,0,0,0.210020462
rack_8.json,0.1,0.005,0.361897693,0.362026832,161,103.25,104.7916667,89.02083333,80.0625,71.2,65.26785714,60.63839286,56.48958333,52.97777778,49.89545455,47.49810606,45.11057692,43.10302198,41.39285714,39.86458333,38.62591912,37.72140523,36.9875731,36.36973684,35.49880952,0.124154951
rack_8.json,0.11,0.001,0.406631947,0.475719079,92,0,0,0,0,0,0,0,0,0,0,0,0,0,0,0,0,0,0,0,0,1
rack_8.json,0.11,0.003,0.359274742,0.359831796,156,59.875,49.79166667,56.02083333,53.05,49.225,46.57738095,44.17410714,41.45486111,38.775,36.55,34.78030303,33.19391026,31.73076923,0,0,0,0,0,0,0,0.213348262
rack_8.json,0.11,0.005,0.308340623,0.307815425,173,91.375,85.83333333,78.14583333,74.9125,71.3,65.70833333,60.58928571,56.09375,52.025,48.43409091,45.42992424,42.78365385,40.63598901,39.05357143,37.37395833,35.86672794,0,0,0,0,0.157478745
rack_8.json,0.12,0.001,0.511033795,0.510796355,87,0,0,0,0,0,0,0,0,0,0,0,0,0,0,0,0,0,0,0,0,1
rack_8.json,0.12,0.003,0.35542642,0.355546873,161,55.25,47.375,54.3125,51.3375,47.93333333,45.56547619,43.19642857,40.95138889,38.43611111,36.23863636,34.61742424,33.0400641,0,0,0,0,0,0,0,0,0.233585923
rack_8.json,0.12,0.005,0.362485779,0.373177478,166,95.375,93.83333333,86.02083333,78.175,70.63333333,64.79761905,59.8125,55.67708333,52.46388889,49.03181818,46.58333333,44.26282051,42.49313187,40.65714286,39.25416667,38.23897059,36.98856209,36.00219298,34.98157895,34.01130952,0.131194845
rack_9.json,0.08,0.001,0.314502156,0.314437959,65,18.625,15.70833333,13.16666667,0,0,0,0,0,0,0,0,0,0,0,0,0,0,0,0,0,0.577777778
rack_9.json,0.08,0.003,0.319973165,0.317987529,119,62,55.66666667,55.85416667,55.575,52.44166667,49.32142857,46.71428571,43.97569444,41.30277778,38.97727273,36.88636364,35.2275641,33.44230769,31.86904762,30.29895833,28.84742647,27.50490196,26.26827485,25.22039474,24.23154762,0.129259909
rack_9.json,0.08,0.005,0.275268989,0.326541285,176,102.75,101.4583333,90.77083333,83.55,75.44166667,69.01190476,62.87053571,57.88541667,53.71666667,50.12727273,46.69318182,43.78044872,41.18269231,38.97142857,37.003125,35.52297794,0,0,0,0,0.150848116
rack_9.json,0.09,0.001,0.615570797,0.615339451,68,0,0,0,0,0,0,0,0,0,0,0,0,0,0,0,0,0,0,0,0,1
rack_9.json,0.09,0.003,0.237722288,0.315066453,111,49.375,43,42.83333333,40.2,37.125,34.45238095,32.41517857,30.79861111,29.56388889,28.61363636,28.01136364,27.28685897,26.73901099,26.0202381,25.18333333,24.37867647,23.55473856,22.90716374,0,0,0.162409296
rack_9.json,0.09,0.005,0.51189859,0.512039997,154,99.75,87.95833333,74.95833333,65.1125,57.33333333,51.39285714,45.99553571,41.64583333,38.29722222,35.58636364,33.29356061,31.41666667,0,0,0,0,0,0,0,0,0.188554373
rack_9.json,0.1,0.001,0.360414415,0.294823012,62,17.125,12.41666667,0,0,0,0,0,0,0,0,0,0,0,0,0,0,0,0,0,0,0.67728721
rack_9.json,0.1,0.003,0.362730984,0.310724,110,43.25,37.95833333,39.39583333,37.6875,34.78333333,33.31547619,31.38392857,29.48958333,28.10277778,26.99090909,26.04356061,25.12820513,24.28708791,23.67738095,23.075,22.65349265,22.33986928,0,0,0,0.177544704
rack_9.json,0.1,0.005,0.503000961,0.503240105,154,102.5,91.66666667,79.41666667,70.175,61.89166667,55.10119048,49.58482143,45.29166667,41.74444444,38.90681818,36.31060606,34.16185897,32.36538462,30.86428571,0,0,0,0,0,0,0.16667008
rack_9.json,0.11,0.001,0.490695391,0.490623355,79,0,0,0,0,0,0,0,0,0,0,0,0,0,0,0,0,0,0,0,0,1
rack_9.json,0.11,0.003,0.499305364,0.499405652,137,65.125,52,51.29166667,48.2375,44.40833333,41.00595238,37.69642857,34.87847222,32.325,30.04545455,28.24810606,0,0,0,0,0,0,0,0,0,0.227475782
rack_9.json,0.11,0.005,0.509907214,0.509643784,142,96,84.66666667,75.35416667,65.675,57.85833333,52.05357143,46.71875,42.30902778,38.89166667,35.975,33.51325758,31.60737179,29.94368132,28.53571429,0,0,0,0,0,0,0.164904931
rack_9.json,0.12,0.001,0.272949971,0.273030197,62,0,0,0,0,0,0,0,0,0,0,0,0,0,0,0,0,0,0,0,0,1
rack_9.json,0.12,0.003,0.293840308,0.293576479,116,43,39.125,41.79166667,38.9375,35.98333333,33.6547619,31.34821429,29.46527778,27.85833333,26.72727273,25.67992424,24.5400641,23.71565934,0,0,0,0,0,0,0,0.215682735
rack_9.json,0.12,0.005,0.283114405,0.283161024,136,85.125,78.16666667,69.64583333,62.2375,57.35833333,53.9047619,50.91071429,48.3125,46.39722222,44.77045455,42.90719697,41.28205128,39.51098901,37.93452381,36.478125,35.24448529,33.96895425,32.83918129,32.00263158,31.27738095,0.12405652
rack_10.json,0.08,0.001,0.090927334,0.090823308,104,40.125,35.66666667,29.0625,24.05,21.375,21.26785714,21.23214286,0,0,0,0,0,0,0,0,0,0,0,0,0,0.35042891
rack_10.json,0.08,0.003,0.082802053,0.082721203,202,97.125,86.125,87.75,84.4875,80.65,76.67857143,72.67857143,69.39583333,66.23888889,63.01136364,59.7405303,56.54807692,53.58653846,50.85238095,48.18541667,45.68382353,43.63316993,41.63961988,0,0,0.145742064
rack_10.json,0.08,0.005,0.088682467,0.088915807,289,172.625,163.5,144.75,130,118.025,106.2916667,96.15625,87.61111111,80.31666667,73.77272727,68.20643939,63.46634615,59.53571429,0,0,0,0,0,0,0,0.174806466
rack_10.json,0.09,0.001,0.208151339,0.208181673,101,24.5,20.25,0,0,0,0,0,0,0,0,0,0,0,0,0,0,0,0,0,0,0.69296741
rack_10.json,0.09,0.003,0.088395588,0.088121847,190,99.875,94.04166667,87.70833333,81.8,75.83333333,70.94642857,66.73660714,62.39583333,58.575,54.79318182,51.51893939,48.49839744,45.87087912,43.50595238,41.2375,39.16544118,0,0,0,0,0.156700709
rack_10.json,0.09,0.005,0.076363146,0.075349145,259,152.25,148.625,138.75,123.7875,112.075,101.5952381,91.49553571,82.25347222,74.77222222,68.45227273,63.31439394,59.04487179,55.39148352,52.13452381,0,0,0,0,0,0,0.163619437
rack_10.json,0.1,0.001,0.068344568,0.068050816,99,23.625,26.125,21.95833333,22.7,20.725,0,0,0,0,0,0,0,0,0,0,0,0,0,0,0,0.462328767
rack_10.json,0.1,0.003,0.068256721,0.068473117,186,123.625,103.1666667,95.33333333,89.55,85.03333333,79.55357143,74.11607143,69.45486111,64.97777778,61.00454545,57.01704545,53.46474359,50.30494505,47.28571429,44.71666667,42.38602941,40.21078431,38.39619883,0,0,0.132328087
rack_10.json,0.1,0.005,0.067694756,0.067837387,276,194.375,177.0833333,155.8333333,139.1375,123.5916667,109.6964286,97.83482143,88.40972222,80.23333333,73.92954545,68.27083333,63.50801282,59.4532967,55.825,0,0,0,0,0,0,0.156535189
rack_10.json,0.11,0.001,0.070779799,0.070589054,99,0,21.875,0,0,0,0,0,0,0,0,0,0,0,0,0,0,0,0,0,0,0.819027921
rack_10.json,0.11,0.003,0.078677697,0.078701277,216,79.5,76.58333333,80.4375,75.375,69.175,65.02380952,60.95535714,57.27083333,54.06944444,51.42272727,49.04545455,46.85737179,44.69642857,0,0,0,0,0,0,0,0.210441758
rack_10.json,0.11,0.005,0.056868972,0.057065041,258,172.25,167.9583333,149.9166667,132.55,117.6833333,105.8690476,94.90178571,85.27430556,77.25277778,70.80227273,65.4905303,60.96955128,57.11813187,53.81309524,0,0,0,0,0,0,0.154504911
rack_10.json,0.12,0.001,0.239355343,0.239201545,105,0,0,0,0,0,0,0,0,0,0,0,0,0,0,0,0,0,0,0,0,1
rack_10.json,0.12,0.003,0.047084817,0.04709948,194,111.125,91.125,92.27083333,87.825,84.19166667,79.02380952,73.64732143,68.73611111,65.01111111,61.63636364,58.1344697,54.81410256,51.8282967,48.86547619,46.08333333,43.60569853,41.48039216,39.47076023,0,0,0.139280291
rack_10.json,0.12,0.005,0.046589484,0.047004977,274,186.625,177.4166667,157.2916667,138.5875,122.525,110.3333333,98.92410714,89.08680556,80.98333333,74.34772727,68.73106061,63.98878205,59.95192308,56.29880952,0,0,0,0,0,0,0.155762203
rack_11.json,0.08,0.001,0.055222188,0.055186288,126,49.375,38.79166667,32.97916667,29.2125,26.39166667,0,0,0,0,0,0,0,0,0,0,0,0,0,0,0,0.416184971
rack_11.json,0.08,0.003,0.058272549,0.058310268,268,154.875,128.0416667,124.8333333,118.0125,111.1916667,103.1309524,95.16964286,87.82638889,81.41666667,75.59772727,70.17045455,65.47435897,61.29807692,57.51071429,54.22708333,0,0,0,0,0,0.161759926
rack_11.json,0.08,0.005,0.062808359,0.062571421,381,223.25,224.7083333,194.0208333,167.7875,146.1,127.7559524,113.6651786,101.8645833,92.13611111,84.35,77.79166667,0,0,0,0,0,0,0,0,0,0.196957227
rack_11.json,0.09,0.001,0.153396657,0.057380524,125,27.875,0,0,0,0,0,0,0,0,0,0,0,0,0,0,0,0,0,0,0,0.817661488
rack_11.json,0.09,0.003,0.046774886,0.047021607,262,131.125,117.5833333,118.1666667,109.2375,100.9333333,93.35714286,85.75892857,78.86458333,72.65,67.125,62.35795455,58.03365385,54.45192308,0,0,0,0,0,0,0,0.185599068
rack_11.json,0.09,0.005,0.0525632,0.052325719,325,225.875,207.5,181.0416667,155.7375,136.0416667,119.3452381,105.6919643,94.79861111,85.95833333,78.96818182,73.05871212,68.08333333,0,0,0,0,0,0,0,0,0.175004019
rack_11.json,0.1,0.001,0.044270645,0.044504694,123,31.875,0,0,0,0,0,0,0,0,0,0,0,0,0,0,0,0,0,0,0,0.794188862
rack_11.json,0.1,0.003,0.04655631,0.046292969,218,131,123.375,111.9791667,105.8875,100.9166667,93.98214286,88.78571429,83.62847222,78.53888889,73.52727273,68.8655303,64.42628205,60.65247253,57.13452381,54.04270833,51.24264706,48.60130719,46.26608187,44.10131579,0,0.12786271
rack_11.json,0.1,0.005,0.041640005,0.041201904,345,252.5,225.9583333,196.2708333,169.525,147.525,131.2321429,116.6741071,105.28125,95.70833333,88.12954545,81.30681818,75.54487179,70.5,0,0,0,0,0,0,0,0.16419531
rack_11.json,0.11,0.001,0.028342371,0.028488665,139,0,0,0,0,0,0,0,0,0,0,0,0,0,0,0,0,0,0,0,0,1
rack_11.json,0.11,0.003,0.017032029,0.017451195,259,141.5,117.5416667,114.0416667,107.6125,102.7833333,96.00595238,88.33035714,81.60069444,75.30555556,69.59090909,64.93181818,60.67948718,56.7967033,53.57619048,0,0,0,0,0,0,0.173907574
rack_11.json,0.11,0.005,0.030901294,0.030827415,350,244.75,218.4583333,188.3958333,165.5375,145.7666667,128.7797619,114.0758929,101.8159722,92.18611111,83.96136364,77.28030303,71.78044872,0,0,0,0,0,0,0,0,0.176519107
rack_11.json,0.12,0.001,0.040230461,0.040185719,135,0,0,0,0,0,0,0,0,0,0,0,0,0,0,0,0,0,0,0,0,1
rack_11.json,0.12,0.003,0.020012246,0.019728157,237,132.125,126.4583333,118.9791667,115.5375,108.6916667,100.9880952,93.48660714,86.08680556,79.475,73.82272727,68.72916667,64.44070513,60.07142857,56.36309524,53.02916667,49.99632353,0,0,0,0,0.145820957
rack_11.json,0.12,0.005,0.022740712,0.020299386,321,222.375,206.5833333,188.4583333,167.925,148,132.672619,117.6741071,105.5069444,95.04166667,87.14318182,79.72348485,73.96634615,68.91620879,64.48214286,0,0,0,0,0,0,0.154366378
rack_12.json,0.08,0.001,0.418308319,0.710152188,51,13.75,11.5,0,0,0,0,0,0,0,0,0,0,0,0,0,0,0,0,0,0,0.668852459
rack_12.json,0.08,0.003,0.703173663,0.701314832,87,38.25,34.79166667,37.60416667,35.5125,33.33333333,30.83928571,29.28571429,27.44097222,25.87777778,24.55909091,23.22159091,21.98237179,20.875,20.00357143,19.18958333,18.421875,17.6870915,0,0,0,0.159376974
rack_12.json,0.08,0.005,0.616444077,0.616409669,128,63.125,59.375,53.1875,47.275,43.575,40.36904762,37.22321429,34.77083333,32.74444444,30.84090909,29.28219697,28.01762821,26.90247253,25.99166667,0,0,0,0,0,0,0.188047271
rack_12.json,0.09,0.001,0.238406061,0.214143498,49,0,0,0,0,0,0,0,0,0,0,0,0,0,0,0,0,0,0,0,0,1
rack_12.json,0.09,0.003,0.710024929,0.711722384,83,34.25,30.33333333,32.1875,29.45,27.40833333,26.03571429,24.50892857,22.78125,21.425,20.17954545,19.04545455,17.96314103,17.08653846,0,0,0,0,0,0,0,0.204607495
rack_12.json,0.09,0.005,0.617466841,0.617515949,114,60.25,54.91666667,49.91666667,44.475,41.11666667,38.00595238,35.09375,32.65277778,30.66111111,29.01818182,27.52272727,26.26923077,25.12225275,24.16547619,23.41979167,22.82169118,0,0,0,0,0.167788212
rack_12.json,0.1,0.001,0.71045964,0.71011704,62,0,0,0,0,0,0,0,0,0,0,0,0,0,0,0,0,0,0,0,0,1
rack_12.json,0.1,0.003,0.29361829,0.68478775,81,35.875,33.41666667,32.02083333,32.1375,31.30833333,28.82142857,27.07142857,25.32638889,23.78333333,22.43409091,21.3655303,20.41346154,19.53296703,18.75119048,17.97604167,17.29227941,16.62663399,0,0,0,0.160347425
rack_12.json,0.1,0.005,0.618649578,0.618751502,124,67.75,60.33333333,54.70833333,49.35,45.64166667,41.88690476,38.99107143,36.30902778,34.25,32.70227273,31.15719697,29.79166667,28.55082418,27.56904762,26.60729167,25.83180147,25.15196078,0,0,0,0.158855747
rack_12.json,0.11,0.001,0.338996552,0.71939935,49,0,0,0,0,0,0,0,0,0,0,0,0,0,0,0,0,0,0,0,0,1
rack_12.json,0.11,0.003,0.723114168,0.723131726,99,38.75,31.58333333,33.14583333,30.2625,27.88333333,25.9047619,24.07142857,22.54166667,21.14722222,19.95227273,0,0,0,0,0,0,0,0,0,0,0.264534464
rack_12.json,0.11,0.005,0.615042519,0.615153698,104,67.75,57.29166667,53.20833333,48.525,44.88333333,41.51785714,38.41071429,35.76736111,33.82222222,32.11818182,30.76136364,29.50160256,28.53021978,27.62857143,26.68125,25.84466912,25.01633987,24.17763158,23.4125,22.74821429,0.126582736
rack_12.json,0.12,0.001,0.314262728,0.713979029,47,0,0,0,0,0,0,0,0,0,0,0,0,0,0,0,0,0,0,0,0,1
rack_12.json,0.12,0.003,0.676462046,0.701787892,89,38.5,32.79166667,33.14583333,34.275,31.95,30.20833333,28.61160714,26.73611111,25.02777778,23.69090909,22.33522727,21.21955128,20.21978022,19.37261905,18.58958333,17.81158088,0,0,0,0,0.173325218
rack_12.json,0.12,0.005,0.622300008,0.622201943,113,72.25,60.5,53,48.8375,44.825,41.45238095,38.54910714,36.33680556,34.74722222,33.58636364,32.29356061,31.1474359,30.04120879,28.90833333,27.83020833,26.81617647,25.80555556,24.85599415,23.97697368,23.16666667,0.132640552
rack_13.json,0.08,0.001,0.098335395,0.036001448,56,13,0,0,0,0,0,0,0,0,0,0,0,0,0,0,0,0,0,0,0,0.811594203
rack_13.json,0.08,0.003,0.159934049,0.159929728,104,47.625,41.79166667,44.52083333,42.2375,38.775,36.29761905,33.94642857,31.95486111,29.78888889,28.03409091,26.29166667,24.69871795,23.19917582,21.95833333,20.84166667,0,0,0,0,0,0.174507932
rack_13.json,0.08,0.005,0.157958539,0.158150789,133,85.625,78.95833333,67.125,60.025,54.16666667,48.77380952,43.94196429,39.58333333,36.09444444,33.15681818,30.79734848,28.74679487,27.10302198,0,0,0,0,0,0,0,0.17338082
rack_13.json,0.09,0.001,0.086580598,0.087939931,52,0,0,0,0,0,0,0,0,0,0,0,0,0,0,0,0,0,0,0,0,1
rack_13.json,0.09,0.003,0.174021981,0.171228687,88,42.375,40.66666667,40.8125,38.2,35.3,32.74404762,30.51339286,28.51041667,26.66666667,24.85681818,23.09469697,21.64102564,20.35851648,19.18333333,18.18333333,0,0,0,0,0,0.165691842
rack_13.json,0.09,0.005,0.168157367,0.168678005,114,71.25,67.875,59.35416667,52.9875,48.43333333,43.26190476,38.89285714,35.07986111,31.925,29.35227273,27.22916667,25.46634615,24.03159341,0,0,0,0,0,0,0,0.170368189
rack_13.json,0.1,0.001,0.139606789,0.18190865,52,0,12.08333333,11.875,0,0,0,0,0,0,0,0,0,0,0,0,0,0,0,0,0,0.684585848
rack_13.json,0.1,0.003,0.180930097,0.181023485,108,51.625,42.95833333,44.27083333,40.35,36.36666667,33.6547619,31.30803571,29.38888889,27.21111111,25.55681818,23.87878788,22.37339744,0,0,0,0,0,0,0,0,0.208920667
rack_13.json,0.1,0.005,0.180639558,0.178937086,121,76.75,72.58333333,62.875,55.7625,51.16666667,45.73809524,41.23660714,37.38888889,34.31111111,31.69318182,29.46401515,27.62820513,26.03846154,24.79285714,0,0,0,0,0,0,0.163861404
rack_13.json,0.11,0.001,0.090792621,0.09074239,53,0,0,0,0,0,0,0,0,0,0,0,0,0,0,0,0,0,0,0,0,1
rack_13.json,0.11,0.003,0.190127589,0.189941855,125,50.75,42.41666667,41.02083333,39.3125,36.40833333,33.82142857,31.32589286,29.64583333,27.58055556,25.86136364,0,0,0,0,0,0,0,0,0,0,0.258722355
rack_13.json,0.11,0.005,0.194584486,0.197334917,108,70.375,64.95833333,60.29166667,54.05,47.83333333,42.57738095,38.48214286,35.375,32.85277778,30.76136364,28.8219697,27.24038462,25.82967033,24.66190476,23.76458333,22.93933824,22.21405229,21.6125731,0,0,0.13799422
rack_13.json,0.12,0.001,0.20490022,0.204813137,60,0,0,0,0,0,0,0,0,0,0,0,0,0,0,0,0,0,0,0,0,1
rack_13.json,0.12,0.003,0.199279954,0.199298667,95,50.875,40.16666667,39.04166667,38.175,35.875,33.42857143,31.08035714,29.44791667,27.675,26.05,24.47159091,23.01923077,21.71428571,20.5297619,19.54375,0,0,0,0,0,0.170834489
rack_13.json,0.12,0.005,0.203113023,0.203073769,128,85.25,71.75,63.08333333,57.525,50.78333333,45.125,40.56696429,36.95486111,34.31944444,32.12727273,30.35606061,28.87980769,27.67032967,26.63690476,25.75104167,0,0,0,0,0,0.16310317
rack_14.json,0.08,0.001,0.050959788,0.050914486,334,100,67.91666667,67.375,0,0,0,0,0,0,0,0,0,0,0,0,0,0,0,0,0,0.586693991
rack_14.json,0.08,0.003,0.048196473,0.048199653,622,358.875,341.0833333,309.8125,285.3625,253.175,225.1309524,206.3794643,187.7152778,174.0166667,161.8659091,153.1022727,144.6201923,137.7019231,131.6988095,125.7489583,0,0,0,0,0,0.162900199
rack_14.json,0.08,0.005,0.048196473,0.04848678,889,598.625,480.7083333,402.5,342.65,297.825,268.1845238,244.4464286,226.3784722,212.2527778,203.3181818,199.0037879,192.5576923,188.4285714,184.2321429,180.0427083,0,0,0,0,0,0.173967373
rack_14.json,0.09,0.001,0.045052192,0.044908177,398,0,0,0,0,0,0,0,0,0,0,0,0,0,0,0,0,0,0,0,0,1
rack_14.json,0.09,0.003,0.033040884,0.033026261,560,389.875,367.4166667,316.6041667,274.9,245.4583333,220.6071429,200.8973214,184.7604167,172.0694444,163.4568182,155.9981061,152.0592949,149.114011,145.1083333,142.3302083,139.1810662,135.4011438,132.3457602,128.5532895,125.2083333,0.124407264
rack_14.json,0.09,0.005,0.037187363,0.03726936,804,531.125,494,408.8541667,347.25,302.8916667,272.7916667,254.4732143,244.4756944,234.7666667,228.1886364,217.3977273,209.9503205,201.7445055,193.8571429,185.4947917,177.6636029,170.6511438,163.8896199,0,0,0.142465652
rack_14.json,0.1,0.001,0.032423757,0.032448377,284,0,60.58333333,0,0,0,0,0,0,0,0,0,0,0,0,0,0,0,0,0,0,0.824183797
rack_14.json,0.1,0.003,0.030901456,0.030844353,656,332.625,296.3333333,281.7708333,271.8,258.5916667,251.797619,238.5535714,226.71875,219.2083333,206.5636364,199.1212121,191.2740385,183.3571429,177.2285714,169.878125,164.1277574,157.7720588,152.2872807,146.7717105,141.185119,0.133253009
rack_14.json,0.1,0.005,0.026322994,0.026406301,929,632.75,596.8333333,505.8125,442.175,410.9,387.0654762,358.3080357,337.5798611,316.1444444,295.4045455,275.4412879,258.3157051,242.706044,229.3464286,216.809375,205.6415441,196.1756536,187.3918129,0,0,0.132264566
rack_14.json,0.11,0.001,0.034165772,0.03397821,390,0,0,0,0,0,0,0,0,0,0,0,0,0,0,0,0,0,0,0,0,1
rack_14.json,0.11,0.003,0.004743416,0.004967066,809,540,527.2083333,476.75,432.85,403.25,372.0297619,344.4330357,319.9965278,295.4361111,273.9227273,255.1856061,237.4807692,222.6414835,209.0666667,196.8927083,186.4503676,177.0114379,168.4671053,0,0,0.125463847
rack_14.json,0.11,0.005,0.007543209,0.007403384,1166,783.875,702.5416667,652.25,578.7,507.0083333,450.8630952,404.3482143,363.375,329.9777778,302.5295455,278.7594697,259.3349359,242.2541209,0,0,0,0,0,0,0,0.166053882
rack_14.json,0.12,0.001,0.012477981,0.012283052,333,0,78.875,73.0625,72.3375,71.53333333,67.86309524,68.66517857,69.56597222,68.90277778,0,66.60606061,0,0,0,0,0,0,0,0,0,0.343153423
rack_14.json,0.12,0.003,0.006074537,0.006233369,841,484.625,542.625,509.4166667,471.2125,431.775,392.6428571,363.8214286,332.0069444,306.3472222,283.3704545,263.4602273,245.7259615,229.6112637,215.972619,203.4385417,192.6167279,182.4289216,173.5402047,0,0,0.126169477
rack_14.json,0.12,0.005,0.011086027,0.010930306,1319,843,817.6666667,704.9375,632.0375,558.8166667,490.5238095,437.6651786,392.8888889,355.9472222,325.4704545,299.6704545,277.9391026,0,0,0,0,0,0,0,0,0.176914865
rack_15.json,0.08,0.001,0.04979016,0.049738488,334,100,67.91666667,67.375,0,0,0,0,0,0,0,0,0,0,0,0,0,0,0,0,0,0.586693991
rack_15.json,0.08,0.003,0.045407709,0.045407626,622,358.875,341.0833333,309.8125,285.3625,253.175,225.1309524,206.3794643,187.7013889,174.0027778,161.85,153.0719697,144.6041667,137.7032967,131.6988095,125.75,0,0,0,0,0,0.162903937
rack_15.json,0.08,0.005,0.045407709,0.045735071,889,598.625,480.7083333,402.5,342.6375,297.8166667,268.1428571,244.4464286,226.3784722,212.2583333,203.3204545,199.0189394,192.5576923,188.4285714,184.2309524,180.0427083,0,0,0,0,0,0.173968759
rack_15.json,0.09,0.001,0.044755558,0.044607834,398,0,0,0,0,0,0,0,0,0,0,0,0,0,0,0,0,0,0,0,0,1
rack_15.json,0.09,0.003,0.030559123,0.030559551,560,389.875,367.4166667,316.6041667,274.9,245.4583333,220.6071429,200.8973214,184.7604167,172.0694444,163.4568182,155.9981061,152.0592949,149.114011,145.1059524,142.328125,139.1792279,135.3970588,132.3369883,128.5388158,125.1988095,0.124408457
rack_15.json,0.09,0.005,0.03426164,0.034353041,804,531.125,494,408.8541667,347.25,302.8916667,272.7916667,254.4732143,244.4756944,234.7583333,228.1636364,217.3977273,209.9519231,201.7486264,193.8702381,185.4947917,177.6626838,170.6511438,163.8881579,0,0,0.142466078
rack_15.json,0.1,0.001,0.03043452,0.030419113,284,0,60.58333333,0,0,0,0,0,0,0,0,0,0,0,0,0,0,0,0,0,0,0.824183797
rack_15.json,0.1,0.003,0.027015921,0.026973183,656,332.625,296.3333333,281.7708333,271.8,258.5916667,251.797619,238.5535714,226.71875,219.2083333,206.5636364,199.1212121,191.2740385,183.3571429,177.2285714,169.878125,164.1277574,157.7720588,152.2836257,146.7651316,141.177381,0.133253495
rack_15.json,0.1,0.005,0.02314865,0.023233957,929,632.75,596.8333333,505.8125,442.175,410.9,387.0654762,358.3080357,337.5798611,316.1444444,295.4045455,275.4393939,258.3076923,242.6991758,229.3321429,216.8135417,205.6461397,196.1862745,187.3910819,0,0,0.1322648
rack_15.json,0.11,0.001,0.035986942,0.035822003,390,0,0,0,0,0,0,0,0,0,0,0,0,0,0,0,0,0,0,0,0,1
rack_15.json,0.11,0.003,0.005500909,0.005475125,809,540,527.2083333,476.75,432.85,403.25,372.0297619,344.4330357,319.9965278,295.4361111,273.9227273,255.1856061,237.4807692,222.6414835,209.0666667,196.8927083,186.4503676,177.0114379,168.4671053,0,0,0.125463847
rack_15.json,0.11,0.005,0.007736924,0.007324003,1166,783.875,702.5416667,652.25,578.7,507.0083333,450.8630952,404.3482143,363.375,329.9777778,302.5295455,278.7594697,259.3349359,242.2541209,0,0,0,0,0,0,0,0.166053882
rack_15.json,0.12,0.001,0.011289818,0.011064305,333,0,78.875,73.0625,72.3375,71.53333333,67.86309524,68.66517857,69.56597222,68.90277778,0,66.60606061,0,0,0,0,0,0,0,0,0,0.343153423
rack_15.json,0.12,0.003,0.009113726,0.009326114,841,484.625,542.625,509.4166667,471.2125,431.775,392.6428571,363.8214286,332.0069444,306.3472222,283.3704545,263.4602273,245.7259615,229.6112637,215.972619,203.4385417,192.6167279,182.4289216,173.5402047,0,0,0.126169477
rack_15.json,0.12,0.005,0.011039022,0.010886707,1319,843,817.6666667,704.9375,632.0375,558.8166667,490.5238095,437.6651786,392.8888889,355.9472222,325.4704545,299.6704545,277.9391026,0,0,0,0,0,0,0,0,0.176914865
rack_16.json,0.08,0.001,0.207234022,0.207101053,88,22.75,0,0,0,0,0,0,0,0,0,0,0,0,0,0,0,0,0,0,0,0.794582393
rack_16.json,0.08,0.003,0.052812309,0.052471072,143,77.625,66.25,61.27083333,54.5,51.375,46.45238095,43.70982143,40.45138889,38,35.92727273,34.01704545,32.71314103,31.38186813,30.25,29.21145833,0,0,0,0,0,0.175216065
rack_16.json,0.08,0.005,0.217111815,0.217239879,201,117.5,90.04166667,76.66666667,64.8625,57.14166667,50.89285714,46.57589286,42.78819444,0,0,0,0,0,0,0,0,0,0,0,0,0.268907313
rack_16.json,0.09,0.001,0.24642228,0.246640386,81,0,0,0,0,0,0,0,0,0,0,0,0,0,0,0,0,0,0,0,0,1
rack_16.json,0.09,0.003,0.217186418,0.217333826,140,65.25,59.70833333,53.4375,47.9125,44.175,38.94642857,35.35267857,31.78819444,29.46944444,0,0,0,0,0,0,0,0,0,0,0,0.256391436
rack_16.json,0.09,0.005,0.210844824,0.210864168,175,108.5,87.16666667,73.47916667,62.1875,54.04166667,47.5952381,42.85714286,39.31944444,36.28333333,0,0,0,0,0,0,0,0,0,0,0,0.240904095
rack_16.json,0.1,0.001,0.200845065,0.200976959,81,0,0,0,0,0,0,0,0,0,0,0,0,0,0,0,0,0,0,0,0,1
rack_16.json,0.1,0.003,0.218995982,0.221011415,141,72.875,60.95833333,52.4375,45.6625,41.35833333,37.44642857,34.60714286,31.98611111,29.48333333,0,0,0,0,0,0,0,0,0,0,0,0.257386311
rack_16.json,0.1,0.005,0.031615503,0.031577554,171,123.25,116,98.625,88.15,79.81666667,73.01190476,66.41071429,61.42013889,57.09444444,53.29090909,50.08522727,47.61538462,45.42582418,43.45119048,41.965625,40.515625,39.35784314,38.29532164,37.34144737,36.56785714,0.121389279
rack_16.json,0.11,0.001,0.120213819,0.206129593,69,0,0,0,0,0,0,0,0,0,0,0,0,0,0,0,0,0,0,0,0,1
rack_16.json,0.11,0.003,0.221380984,0.221315954,152,77.875,63.875,54.64583333,47.1125,42.575,38.73809524,35.53571429,33.02430556,30.59166667,0,0,0,0,0,0,0,0,0,0,0,0.263901207
rack_16.json,0.11,0.005,0.021107818,0.02089775,184,127.875,109.6666667,99.4375,91.7,85.95833333,78.48214286,72.41517857,66.32291667,61.46666667,57.46363636,53.79734848,50.93269231,48.14835165,45.88095238,44.12916667,42.38694853,40.94607843,39.71345029,38.61052632,37.6327381,0.124579688
rack_16.json,0.12,0.001,0.220279237,0.335244515,63,0,0,0,0,0,0,0,0,0,0,0,0,0,0,0,0,0,0,0,0,1
rack_16.json,0.12,0.003,0.224534942,0.224113087,151,69.625,64.16666667,56.79166667,49.4625,44.575,39.8452381,36.66964286,33.44791667,30.9,0,0,0,0,0,0,0,0,0,0,0,0.261932849
rack_16.json,0.12,0.005,0.212662973,0.212829283,198,103.125,90.5,78.91666667,68.325,60.2,53.25595238,48.16071429,44.02430556,40.91666667,0,0,0,0,0,0,0,0,0,0,0,0.252093039
rack_17.json,0.08,0.001,0.063648488,0.06377367,252,90.5,54.91666667,52,54.075,0,0,0,0,0,0,0,0,0,0,0,0,0,0,0,0,0.500504808
rack_17.json,0.08,0.003,0.065060971,0.064948234,441,254,232.2916667,208.6041667,184.675,179.0333333,165.3988095,157.2544643,147.7361111,139.5861111,132.4818182,124.7935606,118.963141,113.4601648,108.9738095,105.3260417,101.6020221,99.03267974,96.13450292,93.75,91.06547619,0.133832535
rack_17.json,0.08,0.005,0.054727781,0.054418234,638,485,391.3333333,326.375,284.05,250.9666667,225.6845238,204.34375,190.1527778,179.2638889,168.0113636,158.9791667,152.4839744,146.6799451,141.102381,135.84375,131.6645221,128.3235294,0,0,0,0.147063618
rack_17.json,0.09,0.001,0.058154364,0.058021454,252,53.875,0,0,0,0,0,0,0,0,0,0,0,0,0,0,0,0,0,0,0,0.823865958
rack_17.json,0.09,0.003,0.036057315,0.036182997,409,212.75,205.2083333,197.8958333,182.6125,170.725,154.4821429,145.0267857,134.2048611,126.0638889,119.6045455,112.9204545,107.6282051,102.2870879,98.31428571,94.00520833,90.16268382,86.94444444,83.6622807,0,0,0.144344525
rack_17.json,0.09,0.005,0.039397081,0.040192905,692,434.25,351.4583333,297.2916667,258.8375,229.9166667,206.0238095,189.28125,174.8854167,162.6,152.8840909,144.6893939,0,0,0,0,0,0,0,0,0,0.210071398
rack_17.json,0.1,0.001,0.051473585,0.051390267,232,0,0,0,0,0,0,0,0,0,0,0,0,0,0,0,0,0,0,0,0,1
rack_17.json,0.1,0.003,0.048952324,0.048893876,457,213.5,201.4166667,186.375,167.95,158.3916667,148.7738095,141.7276786,137.5590278,131.4,127.0477273,122.4109848,117.9054487,113.9807692,109.2321429,105.3489583,101.7683824,98.34395425,95.28508772,92.52960526,0,0.150927349
rack_17.json,0.1,0.005,0.030018827,0.03012318,667,474.75,395.6666667,359.4583333,316.075,278.6916667,248.7857143,224.4598214,205.3680556,188.1944444,174.9295455,164.6212121,156.036859,147.6717033,141.2190476,135.621875,0,0,0,0,0,0.155893938
rack_17.json,0.11,0.001,0.046963071,0.046609534,255,0,0,0,0,0,0,0,0,0,0,0,0,0,0,0,0,0,0,0,0,1
rack_17.json,0.11,0.003,0.024493469,0.024584255,471,212.75,209.1666667,194.8541667,189.35,185.825,174.6547619,168.2321429,158.1736111,148.9222222,139.9840909,131.5549242,124.463141,117.5576923,111.9583333,106.68125,102.2068015,98.0620915,94.22076023,0,0,0.150018267
rack_17.json,0.11,0.005,0.018844893,0.018763359,661,458.375,390.4583333,358.875,315.25,273.75,243.0952381,218.8035714,198.5833333,182.2055556,169.7636364,159.3125,150.1169872,142.7156593,137.175,133.0854167,0,0,0,0,0,0.15766004
rack_17.json,0.12,0.001,0.021714742,0.021528532,206,0,0,0,0,0,0,0,0,0,0,0,0,0,0,0,0,0,0,0,0,1
rack_17.json,0.12,0.003,0.016701198,0.016875161,471,222.125,212.5,219.2291667,211.4375,202.75,191.4940476,178.2410714,167.3645833,156.275,146.2159091,137.2708333,129.2467949,122.25,115.9071429,110.446875,105.3014706,100.9558824,97.03216374,0,0,0.142855261
rack_17.json,0.12,0.005,0.038381376,0.038153329,643,370.5,324.6666667,292.8541667,268.825,247.0166667,232.9642857,220.4017857,209.6840278,199.9944444,189.45,179.842803,171.6875,163.7184066,156.4940476,150.6604167,145.9503676,141.4779412,138.2807018,135.7355263,132.3904762,0.136356063
rack_18.json,0.08,0.001,0.026065496,0.026119718,245,98.5,93.83333333,72.64583333,61.725,56.90833333,52.8452381,49.51339286,0,0,0,0,0,0,0,0,0,0,0,0,0,0.335170555
rack_18.json,0.08,0.003,0.025891893,0.025627154,503,239,248.7083333,208.3125,184.1125,166.1833333,149.0714286,136.1651786,125.4583333,117.1972222,110.4295455,104.3787879,0,0,0,0,0,0,0,0,0,0.219457344
rack_18.json,0.08,0.005,0.0310179,0.030866928,718,383.25,337.8333333,276.9791667,235.475,207.075,186.6785714,170.6741071,157.9930556,146.5861111,0,0,0,0,0,0,0,0,0,0,0,0.254560791
rack_18.json,0.09,0.001,0.017193897,0.017079512,210,0,0,0,0,0,0,0,0,0,0,0,0,0,0,0,0,0,0,0,0,1
rack_18.json,0.09,0.003,0.016025296,0.015815715,474,271.375,254.0833333,225.5208333,191.525,169.4916667,153.5297619,141.5803571,129.6493056,121.0083333,113.1181818,106.8314394,101.2323718,96.3543956,0,0,0,0,0,0,0,0.185933395
rack_18.json,0.09,0.005,0.027622637,0.026922962,543,354.125,307.1666667,275.1041667,240.6375,211.7833333,190.7380952,172.6919643,157.1041667,145.5888889,135.5909091,126.3920455,117.9935897,110.9230769,0,0,0,0,0,0,0,0.175794183
rack_18.json,0.1,0.001,0.006856391,0.007223754,258,0,63.04166667,55.14583333,0,0,0,0,0,0,0,0,0,0,0,0,0,0,0,0,0,0.685828211
rack_18.json,0.1,0.003,0.021466488,0.02145037,413,239.75,210,192.8541667,185.5375,172.6833333,163.1309524,154.8258929,143.7118056,137.0027778,127.6977273,119.8939394,112.4551282,105.6456044,99.78809524,94.19375,89.29779412,84.82924837,0,0,0,0.145100773
rack_18.json,0.1,0.005,0.014412151,0.014514312,670,426,406.625,348.6458333,300.4375,263.8833333,233.7678571,208.2589286,188.3784722,170.5611111,155.6931818,143.4924242,0,0,0,0,0,0,0,0,0,0.190571347
rack_18.json,0.11,0.001,0.020039713,0.020121263,279,0,57.70833333,0,0,0,0,0,0,0,0,0,0,0,0,0,0,0,0,0,0,0.828610321
rack_18.json,0.11,0.003,0.021815822,0.021555999,524,263.5,288.9166667,264.9375,243.1125,217.8833333,195.3095238,177.2991071,160.3888889,147.0555556,134.8909091,124.5227273,115.9358974,108.1552198,0,0,0,0,0,0,0,0.176674405
rack_18.json,0.11,0.005,0.02129108,0.020867559,750,432.125,397.25,345.3541667,294.975,252.65,219.672619,195.0892857,174.4479167,157.8361111,0,0,0,0,0,0,0,0,0,0,0,0.232962657
rack_18.json,0.12,0.001,0.028258983,0.028185388,205,46.25,47.08333333,42.33333333,0,0,0,0,0,0,0,0,0,0,0,0,0,0,0,0,0,0.601761252
rack_18.json,0.12,0.003,0.030669694,0.03043143,467,316.625,297.875,275.375,243.95,217.5583333,192.6369048,172.9285714,156.4270833,143.0777778,131.5909091,121.5056818,113.3990385,105.8543956,99.64761905,93.790625,0,0,0,0,0,0.148289655
rack_18.json,0.12,0.005,0.027076006,0.027049643,771,476,451.7083333,375.125,312.6375,268.1416667,232.3571429,205.9151786,184.0729167,167.2638889,0,0,0,0,0,0,0,0,0,0,0,0.223853191
rack_19.json,0.08,0.001,0.196463635,0.196307269,80,16.875,0,0,0,0,0,0,0,0,0,0,0,0,0,0,0,0,0,0,0,0.825806452
rack_19.json,0.08,0.003,0.05440919,0.054003596,121,57.25,47.375,45.58333333,44.825,44.16666667,40.52380952,38.18303571,35.14583333,32.46666667,30.20909091,27.96780303,26.06891026,24.36538462,0,0,0,0,0,0,0,0.196706216
rack_19.json,0.08,0.005,0.058921643,0.059721902,153,81.625,59.66666667,52,45.675,40.16666667,37.00595238,34.04017857,31.69097222,0,0,0,0,0,0,0,0,0,0,0,0,0.286050583
rack_19.json,0.09,0.001,0.206518667,0.20663251,80,0,0,0,0,0,0,0,0,0,0,0,0,0,0,0,0,0,0,0,0,1
rack_19.json,0.09,0.003,0.041720019,0.041667911,118,47.125,48.08333333,42.77083333,37.1375,32.825,29.51785714,27.13392857,24.79861111,0,0,0,0,0,0,0,0,0,0,0,0,0.289647272
rack_19.json,0.09,0.005,0.051222651,0.05179325,152,70,51.20833333,44.97916667,40.55,37.24166667,33.64285714,31.375,0,0,0,0,0,0,0,0,0,0,0,0,0,0.329720133
rack_19.json,0.1,0.001,0.379547075,0.033467963,70,0,0,0,0,0,0,0,0,0,0,0,0,0,0,0,0,0,0,0,0,1
rack_19.json,0.1,0.003,0.025039169,0.025367609,111,61,57.16666667,52.35416667,45.225,40.725,36.42857143,33.15178571,30.36111111,27.84444444,25.89318182,24.00757576,22.43108974,0,0,0,0,0,0,0,0,0.195564184
rack_19.json,0.1,0.005,0.044449522,0.044749135,159,79,60.79166667,50.625,44.8125,40.025,37.50595238,35.43303571,33.07291667,0,0,0,0,0,0,0,0,0,0,0,0,0.294299436
rack_19.json,0.11,0.001,0.016862977,0.016699624,81,0,0,0,0,0,0,0,0,0,0,0,0,0,0,0,0,0,0,0,0,1
rack_19.json,0.11,0.003,0.025253911,0.025314543,131,60.875,59.41666667,49.9375,42.3375,37.825,34.25595238,31.29910714,29.01736111,27.18888889,0,0,0,0,0,0,0,0,0,0,0,0.260358194
rack_19.json,0.11,0.005,0.020068881,0.020186343,164,115.75,94.91666667,77.58333333,63.9125,54.14166667,46.76190476,41.16964286,36.73958333,33.33333333,0,0,0,0,0,0,0,0,0,0,0,0.225179262
rack_19.json,0.12,0.001,0.402978114,0.402967913,65,0,0,0,0,0,0,0,0,0,0,0,0,0,0,0,0,0,0,0,0,1
rack_19.json,0.12,0.003,0.022261177,0.022281058,144,71,65.41666667,55.22916667,46.875,41.7,37.04166667,33.38392857,30.45833333,0,0,0,0,0,0,0,0,0,0,0,0,0.274230992
rack_19.json,0.12,0.005,0.012440257,0.012453213,163,117.875,100.7916667,80.1875,66.175,56.14166667,48.67261905,42.97321429,38.52083333,34.81388889,0,0,0,0,0,0,0,0,0,0,0,0.217579521
rack_20.json,0.08,0.001,0.186809662,0.185928752,42,10.5,0,0,0,0,0,0,0,0,0,0,0,0,0,0,0,0,0,0,0,0.8
rack_20.json,0.08,0.003,0.167302421,0.073660704,58,29.5,25.54166667,22.83333333,22.175,22.225,21.25595238,20.90178571,20.13194444,19.83333333,19.45909091,18.77083333,18.25801282,17.67994505,17.14761905,16.54583333,16.07628676,15.66339869,15.30628655,14.94144737,14.63214286,0.129789073
rack_20.json,0.08,0.005,0.199325111,0.199222195,77,47.875,40.33333333,35.10416667,30.7125,26.6,23.79166667,21.64732143,20.01388889,18.53333333,17.36363636,16.47916667,15.77724359,0,0,0,0,0,0,0,0,0.19681454
rack_20.json,0.09,0.001,0.160432073,0.178707779,42,10.875,0,0,0,0,0,0,0,0,0,0,0,0,0,0,0,0,0,0,0,0.794326241
rack_20.json,0.09,0.003,0.216638178,0.216587255,62,29,29,25.54166667,22.85,21.33333333,19.5297619,17.92410714,16.59375,15.73888889,14.88863636,14.28787879,13.60096154,13.13598901,12.77261905,12.478125,0,0,0,0,0,0.181991251
rack_20.json,0.09,0.005,0.219705485,0.204317139,76,45.375,41.16666667,37.89583333,34.15,31.33333333,28.41666667,26.58482143,25.07291667,23.59444444,22.38409091,21.45643939,20.57692308,19.76785714,19.12738095,18.540625,17.97977941,17.46813725,16.99195906,16.61776316,16.2827381,0.13176524
rack_20.json,0.1,0.001,0.229707858,0.230721742,38,0,0,0,0,0,0,0,0,0,0,0,0,0,0,0,0,0,0,0,0,1
rack_20.json,0.1,0.003,0.196195056,0.195333555,60,26.75,21.95833333,22.02083333,20.4,20.00833333,18.83928571,17.88839286,17.22569444,16.40833333,15.94318182,15.28409091,14.78685897,14.23626374,13.6547619,13.26145833,12.69117647,12.21650327,0,0,0,0.169695975
rack_20.json,0.1,0.005,0.054722025,0.215730679,83,53.75,47.875,42.16666667,36.875,33.45833333,31.17857143,29.5625,27.85763889,26.31666667,25.09090909,24.07765152,23.02724359,22.24038462,21.46666667,20.75625,20.16360294,19.61519608,19.18494152,18.73618421,18.30535714,0.128741099
rack_20.json,0.11,0.001,0.125701631,0.213487116,32,0,0,0,0,0,0,0,0,0,0,0,0,0,0,0,0,0,0,0,0,1
rack_20.json,0.11,0.003,0.239141172,0.239648196,74,34.625,30.25,27.375,24.8625,23.20833333,20.92857143,19.39285714,18.03472222,16.96666667,15.94090909,15.23295455,0,0,0,0,0,0,0,0,0,0.230660724
rack_20.json,0.11,0.005,0.723124125,0.723252348,85,58.875,51.875,51.6875,48.2375,44.375,41.69047619,39.23214286,37.00694444,34.97777778,33.36363636,31.77840909,30.52083333,29.30494505,28.23333333,27.27395833,26.34558824,25.43464052,24.66447368,24.02763158,23.39702381,0.106609565
rack_20.json,0.12,0.001,0.198195667,0.243070858,36,0,0,0,0,0,0,0,0,0,0,0,0,0,0,0,0,0,0,0,0,1
rack_20.json,0.12,0.003,0.242177827,0.241901809,74,36.25,33.58333333,30.64583333,27.2,26.04166667,23.70833333,22.02678571,20.54166667,19.40555556,18.39318182,17.52462121,16.83814103,16.15934066,15.70833333,15.19583333,0,0,0,0,0,0.179080223
rack_20.json,0.12,0.005,0.366156387,0.712574659,93,60.25,54.25,54.64583333,51.225,48.29166667,46.125,43.62053571,41.05208333,38.68333333,36.63181818,34.77083333,33.11858974,31.71016484,30.4702381,29.36770833,28.39981618,27.4370915,26.5504386,25.75328947,24.97857143,0.108097803
